{"loss": [-1.2068419768714496e-06, -1.5143746083965568e-06, -1.5633990939376317e-06, -1.5812043654006157e-06, -1.5900227649749635e-06, -1.5883735637055874e-06, -1.5946087151624617e-06, -1.6011176929472033e-06, -1.6035628862954144e-06, -1.6044865171133332e-06, -1.6058345682655205e-06, -1.6067072115893772e-06, -1.6073655794352142e-06, -1.6079314177743612e-06, -1.6080669103791512e-06, -1.608381138693302e-06, -1.6086070365451665e-06, -1.608966995389791e-06, -1.6091973049225527e-06, -1.6094082013751176e-06], "mean_absolute_error": [0.7377232235890848, 0.7400345752636591, 0.7805884629487991, 0.8405802271984242, 0.8813970022731357, 0.9079409859798573, 0.9267735536451693, 0.9375070813629363, 0.9509304243105429, 0.9604730893064428, 0.9658962962804017, 0.9697669159483027, 0.9738189318665752, 0.9780129917241909, 0.980602944890658, 0.9834211358317623, 0.9845686632174032, 0.9862939207642166, 0.9877074885147589, 0.9893202693374069], "PSNRLoss": [-Infinity, -Infinity, -Infinity, -Infinity, -Infinity, -Infinity, -Infinity, -Infinity, -Infinity, -Infinity, -Infinity, -Infinity, -Infinity, -Infinity, -Infinity, -Infinity, -Infinity, -Infinity, -Infinity, -Infinity], "val_mean_squared_error": [0.4628007883826892, 0.6323585857947668, 0.7486050526301066, 0.7021259019772211, 0.8171123365561167, 0.7130440125862757, 0.8330281873544058, 0.9038444608449936, 0.9196781466404597, 0.9393857916196188, 0.9296999921401342, 0.9446451316277186, 0.9560834666093191, 0.9695547173420588, 0.962042510509491, 0.9684399416049322, 0.9753206024567286, 0.9715577910343806, 0.973024864991506, 0.9808847010135651], "val_mean_absolute_error": [0.6810648093620936, 0.7942071358362833, 0.8638809422651926, 0.8376604815324148, 0.9028488099575043, 0.8434801548719406, 0.9124987224737803, 0.9510069936513901, 0.9601296385129293, 0.9678651243448257, 0.963997925321261, 0.9705810099840164, 0.9778954237699509, 0.9841583718856176, 0.9802436033884684, 0.9848214785257975, 0.9876427948474884, 0.9863920211791992, 0.9872454851865768, 0.9921749085187912], "val_PSNRLoss": [-Infinity, -Infinity, -Infinity, -Infinity, -Infinity, -Infinity, -Infinity, -Infinity, -Infinity, -Infinity, -Infinity, -Infinity, -Infinity, -Infinity, -Infinity, -Infinity, -Infinity, -Infinity, -Infinity, -Infinity], "mean_squared_error": [0.6044617449795758, 0.5745734964255933, 0.6210904532560596, 0.7115677501316424, 0.7791800659011912, 0.8281850091837071, 0.8603063589996762, 0.8799387514591217, 0.9048764821555879, 0.9227146197248388, 0.9331767581127308, 0.9409717404180102, 0.9495430561127486, 0.9572729363485619, 0.9621364231462832, 0.967149473450802, 0.9690180663709287, 0.9719218098455005, 0.9743503668793926, 0.9773339866488068], "val_loss": [-1.5725215973816375e-06, -1.5880605891046191e-06, -1.5978888446473623e-06, -1.5935063212661287e-06, -1.6015337204559426e-06, -1.5950294122527946e-06, -1.6022936601226927e-06, -1.6074054750940074e-06, -1.6083885536014957e-06, -1.6089071361117628e-06, -1.6086279875556404e-06, -1.6091197494461085e-06, -1.6093269816034688e-06, -1.6096546175958792e-06, -1.6094156478629884e-06, -1.6095904603237916e-06, -1.6096868478143733e-06, -1.609653215458214e-06, -1.6096912342315288e-06, -1.6098331248789084e-06]}