{"loss": [-0.019289691966992838, -0.01993075249440692, -0.019932264151672523, -0.019934296875295264, -0.01993527644555326, -0.019937026849085535, -0.01993826887121907, -0.019939751614368072, -0.019940256072139298, -0.019942561992340617, -0.019942858411620062, -0.0199441396355353, -0.019940599204144545, -0.01994193152145103, -0.019944056709021055, -0.019944727576027315, -0.019942698939875873, -0.019810624015345064, -0.01993130432890245, -0.019938952039444336], "mean_absolute_error": [0.9713187857910439, 0.9836121946573257, 0.9828728647143753, 0.9878560387425952, 0.9867527192389524, 0.9848983309887074, 0.9797266009781096, 0.9728961090246836, 0.9770536566222155, 0.9676449872829296, 0.9617907752593359, 0.9588225268655353, 0.9714123154128039, 0.979536231469225, 0.9683491344805117, 0.9638252109289169, 0.9807736056822317, 0.980588956563561, 0.986850243475702, 0.9880278336781042], "PSNRLoss": [-15.281776543016788, -15.229574865765041, -15.202475803869742, -15.299004651882031, -15.2296867635515, -15.375252176214147, -15.295917095961395, -15.149163202003196, -15.32103982678166, -15.18558899561564, -15.090693253057974, -15.33734436388369, -15.307808681770608, -15.457790295282999, -15.004810562840214, -15.182496309280396, -15.168707132339478, -15.321594635645548, -15.307069663648251, -15.303339110480415], "val_mean_squared_error": [0.9665631999572118, 1.0057753920555115, 1.0062757035096486, 1.0063114960988362, 1.0062431295712788, 1.0059817930062611, 0.8506583025058111, 0.9888642330964407, 0.9567700376113256, 0.9704122990369797, 0.895418643951416, 0.8377595841884613, 0.9997922033071518, 0.9941013207038244, 0.875227709611257, 0.7594996591409048, 1.0047640403111775, 1.0064355830351512, 1.0048942069212596, 0.8220328986644745], "val_mean_absolute_error": [0.9829540054003397, 1.0027172168095906, 1.0029369294643402, 1.002952754497528, 1.0029107530911763, 1.0027943154176076, 0.9044732600450516, 0.9912891884644827, 0.9696346372365952, 0.9787455648183823, 0.9373850673437119, 0.9054004549980164, 0.9988172998030981, 0.9951359430948893, 0.9306566665569941, 0.7957586596409479, 1.0022145609060924, 1.0030089517434437, 1.0023238956928253, 0.8903882255156835], "val_PSNRLoss": [-26.93700345357259, -27.1097149848938, -27.11187442143758, -27.11202923456828, -27.11173375447591, -27.110605716705322, -26.382157961527508, -27.036052385965984, -26.89258098602295, -26.954200108846027, -26.604865709940594, -26.312983353932697, -27.083800951639812, -27.05899985631307, -26.505409399668377, -25.86058759689331, -27.10534604390462, -27.1125644048055, -27.105908234914143, -26.22250811258952], "mean_squared_error": [0.9586801884902848, 0.9767120739927998, 0.9753831928526914, 0.9826955557973297, 0.9808019526578762, 0.9770053845864756, 0.9689836855287906, 0.9587930148398435, 0.9651526317552284, 0.9502179087312134, 0.9407640662458208, 0.9367429459536517, 0.9559333600379802, 0.967188008957439, 0.9482381713611109, 0.9413804213205973, 0.9677016608141087, 0.9696500262728444, 0.9803370529854739, 0.9816102495899907], "val_loss": [-0.0044147198665693095, -0.004435828860247663, -0.004436253805276162, -0.004436231703342249, -0.004436213122971822, -0.004436198723851703, -0.004354808530479204, -0.004249404984269252, -0.004349948273253783, -0.004354425378551241, -0.004435444932217554, -0.004435141985595692, -0.004194677113143068, -0.00433049366013923, -0.004435180870738502, -0.004420332508743741, -0.00443613371559574, -0.004436288635285261, -0.004435801767006827, -0.0044352010590955615]}