{"loss": [105294434.48148148, 25836031.240740743, 19441444.490740743, 17634639.89814815, 19417260.185185187, 17547341.39814815, 12425924.300925925, 11512979.222222222, 11644741.046296297, 11035027.972222222, 9284007.560185185, 9853150.719907407, 8653486.967592593, 9041955.136574075, 8369222.122685186, 9980167.032407407, 7748461.24537037, 6650260.502314814, 7589705.013888889, 7317949.168981481], "mean_absolute_error": [0.10529263039912891, 0.02583529322442633, 0.019441543638499245, 0.017634777274603646, 0.01941769821914258, 0.017547477217805054, 0.012425835177526568, 0.011512771610998444, 0.011644877721900466, 0.011035123007820436, 0.009284202694996364, 0.009853010257723293, 0.008653379383893614, 0.009041949300336893, 0.008369114230542133, 0.009979886457720702, 0.00774884795019817, 0.006650368478235409, 0.0075898402331707375, 0.007317812953799687], "PSNRLoss": [-Infinity, -Infinity, -Infinity, -Infinity, -Infinity, -Infinity, -Infinity, -Infinity, -Infinity, -Infinity, -Infinity, -Infinity, -Infinity, -Infinity, -Infinity, -Infinity, -Infinity, -Infinity, -Infinity, -Infinity], "val_mean_squared_error": [0.0007992885997130846, 0.01100425305776298, 0.005551829352043569, 0.010733584718157848, 0.29394663746158284, 0.006564806370685498, 0.00846708305956175, 0.01148021143550674, 0.01712827190446357, 0.006292762739273409, 0.005416560355418672, 0.756807953119278, 0.0012007857343026747, 0.05730634182691574, 0.044129916932433844, 0.002949184214230627, 0.001172187311264376, 0.003873922765099754, 0.004156554020786037, 0.002623315299085031], "val_mean_absolute_error": [0.009565860653916994, 0.10308968151609103, 0.06904082434872787, 0.10131644768019517, 0.37973923111955327, 0.07364269532263279, 0.09042165987193584, 0.10000021321078141, 0.09135655872523785, 0.06998014636337757, 0.05790789673725764, 0.7931412905454636, 0.01952546105409662, 0.16763941136499247, 0.1620914793262879, 0.05034187280883392, 0.02359222574159503, 0.0567563297227025, 0.05398184061050415, 0.0507526770234108], "val_PSNRLoss": [-Infinity, -Infinity, -Infinity, -Infinity, -Infinity, -Infinity, -Infinity, -Infinity, -Infinity, -Infinity, -Infinity, -Infinity, -Infinity, -Infinity, -Infinity, -Infinity, -Infinity, -Infinity, -Infinity, -Infinity], "mean_squared_error": [0.041738949786155936, 0.0014538968688510875, 0.0009728227550685578, 0.0007450718596239178, 0.0012215797276574584, 0.0009112182044730245, 0.0005188441625284247, 0.0004550451078641884, 0.0003690885970610435, 0.00036974299150137487, 0.00028366261863589496, 0.00031915363757030316, 0.0002785695419502358, 0.00030009164968052774, 0.00021813783509801228, 0.0006796915903477282, 0.00025411759068245173, 0.00020744785723326021, 0.00027650325345921037, 0.0002155890034137647], "val_loss": [9572249.458333334, 102971921.33333333, 69068964.0, 101211212.0, 379692450.6666667, 73642795.33333333, 90319225.33333333, 99882436.66666667, 91428877.33333333, 70039862.0, 57913585.0, 792486512.0, 19513480.666666668, 167551672.0, 162157578.66666666, 50376209.666666664, 23609137.5, 56768561.0, 54000129.666666664, 50723960.666666664]}