{"loss": [0.10396110709687625, 0.024803695855317293, 0.026805102359503508, 0.0196168241004839, 0.016453018731058196, 0.016366540040406916, 0.016086212462849088, 0.015429924776846612, 0.0145039860745547, 0.012759998371755635, 0.012615117666966937, 0.013273779272653715, 0.012471997325688048, 0.010601154657908611, 0.011773021150104425, 0.012715799936645285, 0.010477709450276085, 0.010092518637301746, 0.01041969452139542, 0.009823470764483014], "mean_absolute_error": [0.10396020662867361, 0.02480377573347478, 0.02680556151015615, 0.019616490324821184, 0.016452961006305285, 0.01636556404021879, 0.016086282268925396, 0.015429498153497223, 0.014504286650292299, 0.012759366728089474, 0.012614832656389033, 0.01327328893131818, 0.012471494877159043, 0.010601346290463375, 0.011772570083849132, 0.012715625891427475, 0.010477528601229467, 0.010092814008843291, 0.010419394989084039, 0.009823507685386748], "PSNRLoss": [3.215537534819709, 9.44515914387173, 8.373526361253527, 11.331258058547974, 13.01536100882071, 14.119796284922847, 14.88919546869066, 11.945703400505913, 14.222913680253205, 15.838026806160256, 16.10450345498544, 17.10705472804882, 17.612205982208252, 19.08217324150933, 18.198501993108678, 17.361273014986956, 18.880660745832657, 19.940928794719554, 19.502014566350866, 20.212089626877397], "val_mean_squared_error": [0.07907142241795857, 0.0285859820432961, 0.012587502133101225, 0.007908150825339058, 0.004738131654448807, 0.004901534295640886, 0.007106570022491117, 0.003166668505097429, 0.006896639320378502, 0.00299016551192229, 0.0044703134141551954, 0.004562606103718281, 0.004720583480472366, 0.004125223650286595, 0.0017164815702320386, 0.0037197766650933772, 0.003636724897660315, 0.0032782566656048098, 0.005653874056103329, 0.001027924459776841], "val_mean_absolute_error": [0.2786052053173383, 0.16813732932011285, 0.10795460951824982, 0.08238056922952335, 0.06494272810717423, 0.06845536641776562, 0.08289303382237752, 0.0551218514641126, 0.07735663093626499, 0.0537147910023729, 0.050095319747924805, 0.06426988976697127, 0.06734909707059462, 0.06280755468954642, 0.04041609478493532, 0.04346582883348068, 0.05026968630651633, 0.0562791054447492, 0.0733143041531245, 0.03138449368998408], "val_PSNRLoss": [-16.060590823491413, -11.643226464589437, -8.076545079549154, -6.061801274617513, -3.824808915456136, -3.987554391225179, -5.600289662679036, -2.085012594858805, -5.436546961466472, -1.8381141026814778, -3.409490426381429, -3.661790370941162, -3.812219778696696, -3.2275795936584473, 0.5725906689961752, -2.555767377217611, -2.5959040323893228, -2.2344762484232583, -4.603278636932373, 2.8057099978129068], "mean_squared_error": [0.04431213989974586, 0.0035017639952625527, 0.00484320369799173, 0.0022944085622266693, 0.0014885461040884602, 0.0011897332199926798, 0.0009750037422270032, 0.002090778351110337, 0.0011085366535957695, 0.0007919521012809128, 0.0007402531062123469, 0.0006299711310054624, 0.0005296620728148371, 0.00035662874762675966, 0.00046771774820323725, 0.0005964275055534758, 0.00037823798158098253, 0.0003163084595009288, 0.00032813926305539943, 0.00028745254274798317], "val_loss": [0.27831605821847916, 0.1680056651433309, 0.10810351620117824, 0.08233988471329212, 0.06495156139135361, 0.06851629416147868, 0.08293838488558929, 0.05508401058614254, 0.07742440700531006, 0.05373920903851589, 0.05005715135484934, 0.06425465798626344, 0.0673606414347887, 0.06270782835781574, 0.04045284849901994, 0.04350896862645944, 0.050223471907277904, 0.05629839530835549, 0.07345227214197318, 0.03132994333282113]}