{"loss": [21519039.72685185, 6113378.30787037, 3603649.9641203703, 2654564.6608796297, 3386425.8920717593, 3110688.3686342593, 2241891.8469328703, 2233548.4934895835, 2859382.397858796, 3170957.675347222, 1953451.8336226852, 1326411.236111111, 1842607.4346064816, 1588120.956741898, 1454055.7767650464, 3062456.072193287, 2304271.792534722, 2107949.9463975695, 1832836.605685764, 1228821.2805266203], "mean_absolute_error": [0.21188326580105005, 0.153683974304133, 0.11027734002305402, 0.09883484540990105, 0.09642937889805546, 0.08508801439570056, 0.08278761624738022, 0.07434521242976189, 0.07770060126980145, 0.07329285010281536, 0.07208501554473683, 0.0706978119150908, 0.06542153656482697, 0.06491681464292386, 0.06571813393384218, 0.06931381269047658, 0.06564774688471246, 0.07026288410027821, 0.06183324198893927, 0.05565773123116405], "PSNRLoss": [-5.06326268337391, -3.62830592084814, -2.1799150661185935, -1.3780138139371518, -1.2506511211395264, -0.27834331547772445, -0.33989138073391384, 0.12962195608350965, 0.1557773130911368, -0.07602196269565159, -0.05104439346878617, 0.025282992257012263, 0.7690751905794497, 0.5067976845635308, 0.41011838559751157, 0.058421558803982206, 0.55855510852955, 0.20131607408876773, 1.1754548019833035, 1.2462590270572238], "val_mean_squared_error": [0.007302340818569064, 0.02380117711921533, 0.01703265227843076, 0.033179102620730795, 0.03368364119281372, 0.02393655323733886, 0.024354287500803668, 0.015064405820642909, 0.02560904761776328, 0.011779867733518282, 0.011634143302217126, 0.014001611426162222, 0.009973000230578085, 0.006985086462615679, 0.02813445668046673, 0.015903625249241788, 0.019853504937297355, 0.010726240366542092, 0.009953462315024808, 0.007307809273091455], "val_mean_absolute_error": [0.08359408751130104, 0.15001548578341803, 0.09091231661538283, 0.16133979956309, 0.10394482997556527, 0.12803424646457037, 0.10115916468203068, 0.07306287406633298, 0.07939898471037547, 0.055319055914878845, 0.07244694884866476, 0.06069104094058275, 0.06811781072368224, 0.04183249936128656, 0.1013967686643203, 0.061282885571320854, 0.05765634231890241, 0.07092214996616046, 0.05080016267796358, 0.049022736648718514], "val_PSNRLoss": [-5.718875885009766, -10.842793146769205, -8.955031712849935, -12.19826340675354, -11.993043979008993, -10.650510787963867, -10.449877659479776, -7.917000929514567, -10.266505718231201, -6.632163365681966, -7.032211621602376, -7.941055774688721, -6.576818625132243, -4.6080474853515625, -10.991624196370443, -8.355345726013184, -8.913474162419638, -6.640979766845703, -5.835559686024983, -4.940072218577067], "mean_squared_error": [0.11278178115133886, 0.06760412051031987, 0.046727223597742895, 0.04014195387976037, 0.038896728203528456, 0.03170136726219897, 0.033053255570983445, 0.0284893240917612, 0.029632351913109974, 0.03040782439832886, 0.030325362234617823, 0.028300744567618327, 0.025322384614911344, 0.026018320876001207, 0.02641045914410993, 0.028264128741014888, 0.025279351872288518, 0.027645526419359225, 0.02305053781580042, 0.021601540053746215], "val_loss": [46995328.666666664, 86451196.0, 27398430.666666668, 68366639.33333333, 20779271.75, 56780155.333333336, 29979611.166666668, 28547808.166666668, 19974743.333333332, 16699372.666666666, 31169378.333333332, 15700396.75, 26824892.166666668, 12326511.083333334, 33975804.833333336, 11459712.583333334, 4395151.166666667, 29700798.166666668, 11889796.0, 18578641.25]}