{"loss": [0.023664332965078454, 0.000720855284102813, 0.0006756212891627069, 0.0004896885867411685, 0.000437277794171004, 0.0004311752049101482, 0.0003729656379652658, 0.00037437579562214925, 0.00035564322118901784, 0.00031116564908491756, 0.0003590152632063513, 0.0003254225614202571, 0.00031563942832656686, 0.00029150583052089333, 0.00030657879310806664, 0.00028769753758010837, 0.00030303377894193143, 0.0002747706281230354, 0.0002778466704411484, 0.00026209195790148377], "mean_absolute_error": [0.06496451401876079, 0.018695774522644502, 0.01868864411867603, 0.016197102601398474, 0.014991867166288473, 0.014944427784670282, 0.013270968761019132, 0.013629544491845148, 0.0131079468237995, 0.012094185575497922, 0.013332447554502223, 0.012931217111785102, 0.012189886791424619, 0.011870320601802733, 0.01221280135386796, 0.011534385029571477, 0.012023367306769447, 0.011221737988914052, 0.010733938836320131, 0.010902185199989213], "PSNRLoss": [10.072863004825733, 16.09818627216198, 16.489017142189873, 17.86557783903899, 18.17406364723488, 18.419597502107973, 18.865397718217636, 18.94912223462705, 19.162908448113335, 19.732214627442538, 19.18882762061225, 19.623145421346027, 19.755994231612593, 20.156103911223234, 19.995038668314617, 20.22694034929629, 19.821932121559424, 20.381566065329093, 20.20222849316067, 20.675825083697283], "val_mean_squared_error": [0.009067524069299301, 0.0003460703616534981, 0.00038573522397200577, 0.0023602304863743484, 0.00047495763525754836, 0.0002993425538685794, 0.0009113677127364402, 0.00020546634429289648, 0.00044443467292391386, 0.0002962493648131688, 0.0001999692988950604, 0.00019792998864431866, 0.00021650778338274299, 0.00031340551989463467, 0.0002597264659319383, 0.00013350986591831315, 0.00042913971750143293, 0.0002583961722848471, 0.0001991572329037202, 0.00033744008154220256], "val_mean_absolute_error": [0.09263158403337002, 0.012567793795218071, 0.01219960922996203, 0.044762213403979935, 0.01073346616855512, 0.013048180689414343, 0.026660883488754433, 0.011605368616680304, 0.018780068960040808, 0.015583982458338141, 0.010913412862767776, 0.009141753544099629, 0.012113776756450534, 0.01585430488921702, 0.014453302991266051, 0.007780397272047897, 0.01573230419307947, 0.00903943475956718, 0.009164352590839068, 0.017261927947402], "val_PSNRLoss": [-6.655819574991862, 7.595183372497559, 7.316904703776042, -0.8057406743367513, 6.444614092508952, 8.286295572916666, 3.323777198791504, 9.80195681254069, 6.459114710489909, 8.219717025756836, 9.981390635172525, 10.024607022603353, 9.591809590657553, 7.972318013509114, 8.795055707295736, 11.747782071431478, 6.615252494812012, 8.865755716959635, 9.968399047851562, 7.635823885599772], "mean_squared_error": [0.023662502761537866, 0.0007207867588645227, 0.000675576397582147, 0.0004896555010755374, 0.00043723491910862286, 0.00043113051220576316, 0.0003729283605396092, 0.0003743346425364035, 0.00035560500085315044, 0.0003111331560056122, 0.0003589699453085713, 0.0003253977747927247, 0.00031560595393616324, 0.0002914796149761295, 0.00030654182127262984, 0.00028765792996165583, 0.00030299270575697947, 0.0002747360301361402, 0.00027781529853301536, 0.00026205967811552844], "val_loss": [0.00906819710507989, 0.0003460538622069483, 0.00038584346475545317, 0.0023595389211550355, 0.00047553527595785755, 0.00029937472694048967, 0.0009113648169053098, 0.00020555922795513956, 0.00044441392916875583, 0.0002963940569316037, 0.00019992444261636896, 0.00019790633450611494, 0.00021641626396255256, 0.00031336990650743246, 0.0002596136364445556, 0.00013351340445903284, 0.00042885097839947167, 0.00025869511349204305, 0.00019919111461301023, 0.00033748291510467726]}