{"loss": [0.06668893917877641, 0.015014373059212058, 0.014940377687000565, 0.012198665075831942, 0.012311545511086782, 0.012316057066157184, 0.010945263275600694, 0.01000786339001799, 0.010102443996368459, 0.009898785868211201], "mean_absolute_error": [0.06668868817871919, 0.015014597533822612, 0.014940917241835484, 0.01219894257546575, 0.012311596613101385, 0.012316434040527654, 0.010945245101875454, 0.010007853960376923, 0.010102438300641047, 0.009898851198765138], "PSNRLoss": [9.72119402885437, 16.85921930383753, 17.64510649221915, 18.934109263949924, 19.15195714102851, 19.283529458222567, 19.546877278221977, 20.121847770832204, 20.01448032591078, 20.21678924560547], "val_mean_squared_error": [0.006930606672540307, 0.005745620816014707, 0.0033472630893811584, 0.0016933268343564123, 0.0006604182854061946, 0.0003933016463027646, 0.0004150405851153967, 0.0024796603684080765, 0.000480681104818359, 0.001206852214333291], "val_mean_absolute_error": [0.08029615879058838, 0.07242906714479129, 0.054164886785050236, 0.036725662648677826, 0.020975757545481127, 0.014714441650236646, 0.013133166901146373, 0.01869787562948962, 0.017647005307177704, 0.02411715965718031], "val_PSNRLoss": [3.425626039505005, 4.242929220199585, 6.599856774012248, 9.590855518976847, 13.67910655339559, 15.944850444793701, 15.792211373647055, 10.23408055305481, 15.04334274927775, 11.322097460428873], "mean_squared_error": [0.0221500882336706, 0.000597583696583536, 0.0005162419617624471, 0.0003728822368968934, 0.00036858183402391323, 0.0003420236858396998, 0.0003286487906869432, 0.0002834585902746767, 0.0002894012217843232, 0.00028353020792969293], "val_loss": [0.08034920071562131, 0.0724954108397166, 0.05420059307167927, 0.03670858653883139, 0.02097973631074031, 0.014715642745917043, 0.013131725524241725, 0.01869508942278723, 0.017647238525872428, 0.024111874556789797]}