{"loss": [0.09162611074538694, 0.028887142634226218, 0.020092387468105665, 0.016849694773554802, 0.015484460862353444, 0.014151405982880129, 0.01501626857659883, 0.012834511736097435, 0.011947915065792148, 0.014803154971795502, 0.011378635018546548, 0.011149666983530752, 0.012277554923289077, 0.010240962966000315, 0.010412268698456939, 0.00967050997402381, 0.01028492382330889, 0.011355558742286154, 0.011069154142643567, 0.009566693269233737, 0.009519488175606562, 0.010242207713114718, 0.010377360766546594, 0.010361107562116726, 0.008765277948609932, 0.00910716806538403, 0.009366646973864624, 0.009851209082019826, 0.009687499600221161, 0.010226197894317684, 0.01670169413814114, 0.011445883971949419, 0.013393222552689689, 0.01432789130895226, 0.011720463818939472, 0.01063439575092936, 0.010829479459466206, 0.011277841283353391, 0.01023835048545152, 0.010467181469451773, 0.010763534124837153, 0.009556190244405082, 0.009575362873470617, 0.01001693509708814, 0.009603735206096812, 0.010115819267445692, 0.009683763923088985, 0.011140234608858548, 0.008994637397807781, 0.009967800902409686, 0.010095499766369661, 0.009439554388841821, 0.009918225351376113, 0.009468360217633072, 0.009170141342716912, 0.009471980108948494, 0.00910405182124426, 0.009323234260254712, 0.009329971529681373, 0.00897565474561243, 0.010113016676364673, 0.008984352819863017, 0.00933243637835538, 0.009884872551386556, 0.009902121102506364, 0.009281011048221478, 0.009603431323301737, 0.00891177723598149, 0.009205450213307308, 0.009973206117542254, 0.009244061148449502, 0.009364196437807684, 0.009112956278302052, 0.008942033504825775, 0.008498548387756778, 0.009484673281096749, 0.009193511903975849, 0.008619105835721173, 0.008525126436897726, 0.01023131540838491, 0.008339766343986546, 0.008256248452838648, 0.008598346095014777, 0.008809684965483568, 0.009217245499948385, 0.008746741335252646, 0.008250413259870751, 0.0074484978793878795, 0.00799019413103384, 0.008234163987691756, 0.008772019150287465, 0.009332920290978142, 0.009343251172039244, 0.010298294019540426, 0.008687370142002625, 0.00877968143430297, 0.00902791172955875, 0.008518055553496297, 0.008194065704527829, 0.008187301982953041], "mean_absolute_error": [0.09162507397640082, 0.028886842153345544, 0.020092166339357693, 0.016848977577562135, 0.015485048276820668, 0.014151493829019644, 0.01501604076474905, 0.012834618062091371, 0.011947316432337242, 0.014803025962060524, 0.011378160772707176, 0.011149829012100343, 0.012277729770479104, 0.010240638158629063, 0.010412145203358873, 0.009670162025873584, 0.010284400885683243, 0.011354960932361859, 0.011069084711683294, 0.009566738830741358, 0.009519447788113245, 0.01024215753811101, 0.010377190907968691, 0.010360788528083099, 0.008764991942034275, 0.009106774646271434, 0.00936684249986515, 0.00985147219789387, 0.00968685841049861, 0.010225912500000387, 0.016701017532290682, 0.011445554529523684, 0.013393190551411223, 0.014327934473166588, 0.01172050096836217, 0.010634303549994473, 0.010829794414651891, 0.011277780855178006, 0.010237829035354985, 0.010467425803653896, 0.010763130137800343, 0.009555572686992862, 0.009575776238408353, 0.01001719386247849, 0.00960356528284373, 0.010115578054898867, 0.009684259731632968, 0.011140200857038575, 0.008994590482433085, 0.009966962272301316, 0.010095247947093513, 0.00944025914133009, 0.009918274388096674, 0.009468265080445067, 0.009169970850322258, 0.009471744247194793, 0.009104217717389541, 0.009323148483720919, 0.009330146118170686, 0.00897544694426297, 0.010113021824508905, 0.008984208857226703, 0.009331974856279514, 0.009884449295458142, 0.009902094171761914, 0.009281365325915869, 0.009603405298009791, 0.008911628832316233, 0.009204972587111924, 0.009973411418118135, 0.00924399958630265, 0.009364172734354657, 0.009112682935126402, 0.008941765689222073, 0.008498345208526761, 0.009485035229267346, 0.009193307129424755, 0.008619515678017504, 0.008525392480401529, 0.010230987289644502, 0.008339913303239478, 0.008256094030070084, 0.00859853400659092, 0.008808990405803477, 0.00921744713128579, 0.008746971152032967, 0.008249918602544952, 0.0074487326416635405, 0.00798996918645032, 0.008234035422059673, 0.008772197304534967, 0.009333813800131556, 0.009343024675251433, 0.010298148944491037, 0.008687392903353882, 0.00878013586797924, 0.00902769203228807, 0.008517968849951608, 0.00819348150226115, 0.008187333225376077], "PSNRLoss": [3.6675920486450195, 9.237524491769296, 11.686030961849072, 12.551733564447474, 13.991712066862318, 15.038238136856645, 14.927894468660709, 17.519624215585214, 18.321869797176785, 15.082541580553409, 18.422356252317076, 19.155161628016717, 18.780234601762558, 19.68165957486188, 19.66212964940954, 20.026701397365994, 19.392798635694717, 19.44716531259042, 19.362650835955584, 20.429454891769975, 20.336433004449916, 20.345879625391078, 19.193962220792418, 20.147441811031765, 20.808734823156286, 21.085918497156214, 20.871047850008363, 19.243077790295636, 19.549616548750137, 18.34063192650124, 15.20717410688047, 18.287516955976134, 16.921794644108527, 16.68051830044499, 18.339443100823296, 18.890733966120965, 18.973581384729457, 18.788903536619962, 19.16741756156639, 19.66546132829454, 19.73462911888405, 20.299870438045925, 20.447452244935214, 19.91355632852625, 20.06343795635082, 20.085803473437274, 20.48734094478466, 18.2508576269503, 20.29304188269156, 19.96411434809367, 20.03957564742477, 20.469029479556614, 20.354696450410067, 20.372332396330656, 20.521128265946, 20.53064994458799, 20.60625750930221, 20.743455657252557, 20.51767181467127, 20.517453017058195, 20.37750415448789, 20.914543098873562, 20.50235617602313, 19.449390084655196, 19.407282820454352, 20.599770387013752, 20.542080013840287, 20.509174470548277, 20.748541054902255, 20.481567100242334, 20.534721710063792, 20.704796543827765, 20.99217508457325, 21.159028618424028, 21.317893169544362, 21.30549575664379, 21.005819073429816, 21.06646085668493, 21.359034273359512, 20.717167200865568, 21.729997758512145, 21.70400928567957, 21.44592362863046, 21.364165641643382, 21.45417453624584, 21.762427806854248, 21.51201073328654, 22.36365547886601, 21.900393344737864, 21.992249418188024, 21.649021590197528, 21.127365465517396, 20.289483935744673, 20.25353021974917, 20.930612723032635, 20.82143356181957, 21.16234238942464, 21.416852562515825, 21.714147179215043, 21.55373892960725],