{"loss": [0.1450941802036983, 0.027241359050903056, 0.020620720271297074, 0.018504785856714955, 0.017241730820387602, 0.01744258724566963, 0.01909195919762607, 0.01608440623170248, 0.01612050915826802, 0.015911397317217454], "mean_absolute_error": [0.14509168305192832, 0.027240597401504165, 0.020621089040543192, 0.01850432231677351, 0.017241691722086182, 0.01744229184394633, 0.01909192803281325, 0.01608459511771798, 0.016120432341402327, 0.015910870981989084], "PSNRLoss": [1.9256174829271104, 12.273775630527073, 14.35159879260593, 15.323757348237214, 16.700908413639777, 16.00588062074449, 15.29766877492269, 16.93999633082637, 16.807633929782444, 17.26629426744249], "val_mean_squared_error": [0.01654360753794511, 0.012117414735257626, 0.009081097630163034, 0.004916688892990351, 0.004081070190295577, 0.006621943709130089, 0.003662023926153779, 0.00387579039670527, 0.0029766119550913572, 0.004885067464783788], "val_mean_absolute_error": [0.1266702264547348, 0.10783918698628743, 0.09302549436688423, 0.06694269304474194, 0.06038543147345384, 0.0785415197412173, 0.05688387217621008, 0.05891111120581627, 0.050841432685653366, 0.0671521636346976], "val_PSNRLoss": [-0.7072658538818359, 0.6442473729451498, 1.8981879552205403, 4.565908114115397, 5.376230557759603, 3.270558993021647, 5.849101702372233, 5.6026185353597, 6.75292174021403, 4.592905044555664], "mean_squared_error": [0.06761670726592894, 0.0017546479917924713, 0.001084446458628884, 0.0008143092644685465, 0.0006661703093279222, 0.0007796240684843657, 0.0008129890209400199, 0.000602885730956957, 0.0006191482232814586, 0.0005715192789837063], "val_loss": [0.12669635564088821, 0.10790217046936353, 0.09293425207336743, 0.06697270770867665, 0.06038620385030905, 0.07860252385338147, 0.056883374229073524, 0.05890196934342384, 0.05087238115568956, 0.06718163813153903]}