{"loss": [0.1789108781075036, 0.05299532703227467, 0.043465437160597906, 0.03280539024207327, 0.0277497176149929, 0.024106346122506592, 0.02696224910862468, 0.021128237506167755, 0.02476581094648551, 0.022007982953693026, 0.02243966076316105, 0.020623380990905896, 0.020972964543573284, 0.01931449750231372, 0.02126715559926298, 0.021202365212418414, 0.02229286956221417, 0.0182950870582351, 0.01835878743548636, 0.021487482426757062, 0.01820877980854776, 0.017992636033644278, 0.01881040574085933, 0.015592431356371552, 0.015705617265430866, 0.018656028417387494, 0.015087043176646586, 0.013775680265906785, 0.012650447880366334, 0.015106599381262506, 0.015887931498043514, 0.014810410138495543, 0.015813955399035302, 0.015621770880426522, 0.014912215164966054, 0.016306829311091592, 0.014427092305764003, 0.01766517865299075, 0.01674788548714585, 0.015270080676095353, 0.013510336056006727, 0.0149635161721596, 0.01455166168441927, 0.014825282790870578, 0.01864525537799906, 0.017848692368716, 0.015366984203595805, 0.017608040926495084, 0.015561278633497379, 0.013834397946656854, 0.016354927879378752, 0.012712631719531837, 0.012651706217891641, 0.014427572057616932, 0.013622399911077486, 0.012332895305007696, 0.017823331316726074, 0.015265963057538978, 0.015860874792216, 0.011813355713254876, 0.014389655906362113, 0.014146599263228752, 0.014306351921900554, 0.01378143028597589, 0.012834805934862406, 0.012655054736468527, 0.012964319463612305, 0.013995661176051255, 0.013794162767697815, 0.013715066886679441, 0.011916303903692298, 0.013393821125781094, 0.01358717158264308, 0.012975111069088732, 0.012111898796218965, 0.011993351064760375, 0.01298184273764491, 0.011389497719291184, 0.012293916911369673, 0.012589279260417377, 0.01177127678292217, 0.011869909552236399, 0.012870006418476502, 0.012097699757389448, 0.011846489083297827, 0.011994848821174216, 0.01352919277700561, 0.012197291892435815, 0.012148101822714563, 0.011056131346979074, 0.013139093260246294, 0.011523039433760223, 0.010648308865105113, 0.011372797380856893, 0.011866186840321731, 0.011243799373645473, 0.011604280340381794, 0.012076063159232339, 0.01440299298890211, 0.01276358410164162], "mean_absolute_error": [0.17891376520748492, 0.052995632126651426, 0.04346683328212411, 0.03280424092102934, 0.02774913039886289, 0.0241052427812031, 0.026962290224791678, 0.021127779743875617, 0.02476401852995709, 0.022007927729713696, 0.022439179717804545, 0.020623600317372218, 0.020972525597446494, 0.019314526735494535, 0.021268483768734667, 0.021201601148479514, 0.022292485460639, 0.018294245504808647, 0.018358995344627788, 0.02148754675700157, 0.018208161151657503, 0.017992459341055818, 0.018810601646287575, 0.015592986873040596, 0.01570620080801072, 0.01865582880391567, 0.015086670578629882, 0.01377528714430001, 0.012650295488398385, 0.015106486139336118, 0.015888704978688446, 0.01481041548497699, 0.015813314631857252, 0.01562224312995871, 0.014912663631279159, 0.01630717093400933, 0.014428270566794608, 0.01766614759064935, 0.016748763689840282, 0.01526889241197043, 0.013510890675846625, 0.014963632466754428, 0.014551806246378907, 0.014824388479744946, 0.01864542249866106, 0.017849006034709788, 0.015366667191739436, 0.01760711664057992, 0.01556096789944503, 0.01383339513645128, 0.016353966771728463, 0.012712277713473196, 0.012651807024936986, 0.014427085958973126, 0.013621871937411252, 0.012332474174736827, 0.017821194379831904, 0.015266299040781127, 0.01586128659201441, 0.011813274860658028, 0.014389991251475833, 0.014146560044200332, 0.01430632125724245, 0.013781277635307223, 0.012836331527473198, 0.012655422108730784, 0.012964160509269547, 0.013995859185578647, 0.013793687077446116, 0.01371617694557817, 0.0119160535848803, 0.013393016799387557, 0.013586920987883652, 0.012974651590748518, 0.01211245644285723, 0.011993160178126008, 0.012981522069485099, 0.011389402293220715, 0.012293266348057875, 0.012588979788469496, 0.011771139990607346, 0.011870099921469335, 0.012870794282881197, 0.012097875794602765, 0.011845958565741225, 0.011993989883059705, 0.013528000606499889, 0.012196967723192993, 0.012148285077677833, 0.011056142255525899, 0.013140496935833383, 0.01152330540396549, 0.010647573939490097, 0.01137317463548647, 0.011866394965047086, 0.01124319015070796, 0.01160375864451958, 0.012076685412062539, 0.014402713109221723, 0.012763465547727214], "PSNRLoss": [-1.134533166885376, 6.019962964234529, 8.298140508157235, 9.88995689815945, 11.248729334937202, 13.246423262136954, 12.853637836597583, 13.848333535371003, 13.459501407764575, 14.112491996199996, 14.596448721709075, 15.008527897022388, 14.6817951908818, 14.966793749067518, 14.606445241857458, 14.233546451286033, 12.981474611494276, 15.26317690036915, 15.699820712760642, 14.677414222999856, 16.34899444933291, 16.238112343682182, 16.040113766988117, 17.13264712580928, 17.20993349287245, 16.4849372793127, 17.15505126670555, 17.854173413029425, 18.54430248119213, 17.330179073192454, 17.097366121080185, 17.779373875370734, 16.90594372925935, 17.118630797774703, 17.570476637946236, 16.781523157049108, 17.64070765177409, 16.309769983644838, 16.885021686553955, 17.855586934972692, 17.856881494875307, 17.62412848295989, 17.988582098925555, 17.45593175181636, 14.394244423619023, 15.384623651151303, 17.005754523807102, 15.57195340262519, 16.658925886507387, 17.633360456537318, 17.35434009410717, 18.281897015041775, 18.236077909116393, 17.621273358662922, 18.41233913986771, 18.27719536534062, 16.41777557796902, 16.908682381665265, 17.108935991923016, 18.707519089734113, 17.807295234115035, 17.580147990473993, 17.536165979173447, 17.572432623969185, 18.559429663198966, 19.218246389318395, 18.806105790314852, 17.51734655874747, 18.19273927476671, 18.223970695778174, 18.695765883834273, 18.499956731443053, 18.18115732404921, 18.65870398062247, 19.009822421603733, 19.023819040369105, 18.465780823319047, 19.527092297871906, 18.443539442839445, 18.920096503363716, 19.701940112643772, 18.876104566786026, 18.637756488941335, 19.572915147852015, 19.82634018085621, 18.8875607031363, 18.790172859474463, 18.839435012252242, 18.7808613953767, 19.719589904502588, 18.799840326662416, 19.516152911716038, 19.715222040812176, 19.40328809950087, 19.414812476546675, 19.42824727517587, 19.675184320520472, 19.303721357274938, 17.2942722108629, 18.680855680395055],