{"loss": [0.15973550953936796, 0.03963323403149843, 0.029267461177099635, 0.024245890374812815, 0.02722229587811011, 0.022716995604612208, 0.021428360586503038, 0.01712508020163686, 0.015765354554686282, 0.015355077899854493], "mean_absolute_error": [0.15972981877900935, 0.03963247645232412, 0.029268640990334528, 0.024246252969735198, 0.02722146044726725, 0.022716933033532567, 0.021428717007101687, 0.017125142651989504, 0.01576585451968842, 0.015354448015353194], "PSNRLoss": [1.284813156834355, 10.267167479903609, 12.127607221956607, 13.776729672043412, 13.374646345774332, 14.333027892642551, 15.030308370236996, 16.79933671598081, 17.198793835110134, 17.734864623458297], "val_mean_squared_error": [0.02696623746305704, 0.2408811921874682, 0.3124974767367045, 0.003462379837098221, 0.0018953140242956579, 0.0007353803375735879, 0.0010853423542963962, 0.00048818452827011544, 0.0005361071137789016, 0.014377649097392956], "val_mean_absolute_error": [0.16101998339096704, 0.4824577917655309, 0.5485554039478302, 0.05373466511567434, 0.03741401806473732, 0.014652836757401625, 0.029945222660899162, 0.013811491895467043, 0.01558813297500213, 0.08399159585436185], "val_PSNRLoss": [-2.8298556009928384, -12.342215458552042, -13.472634394963583, 6.083813985188802, 8.850749969482422, 12.885667483011881, 11.12884553273519, 14.831974347432455, 14.430638631184896, 0.20623509089152017], "mean_squared_error": [0.07228767213894537, 0.002876890113973921, 0.0018854520641508753, 0.0011932298528133994, 0.0013619825530676517, 0.0010956584484557862, 0.0009449312131403496, 0.0006014099317663177, 0.0005572069569973757, 0.0004996924981242046], "val_loss": [0.1610598787665367, 0.4822568992773692, 0.5491057435671488, 0.053720466792583466, 0.037428262953956924, 0.014652281844367584, 0.0299450708553195, 0.013812670018523932, 0.015589917078614235, 0.08402378546694915]}